time,close,high,low,open,volumefrom,volumeto
1473292800,625.57,629.3,611.25,613.21,36328.29,22710390.64
1473379200,623.16,627.58,617.32,625.57,28333.32,17710151.19
1473465600,624.52,627.45,621.07,623.16,15279.28,9600113.74
1473552000,605.61,630.77,592.79,624.52,36543.99,22467346.61
1473638400,607.98,610.62,603.03,605.61,27944.86,17058938.65
1473724800,608.61,612.03,604.87,607.98,27515.13,16850869.45
1473811200,609.54,612.16,606.39,608.61,24244.49,14878860.18
1473897600,608.11,610.73,605.1,609.54,22687.24,13892193.46
1473984000,607.78,610.36,605.15,608.11,21847.03,13353736.94
1474070400,607.08,609.61,604.52,607.78,15894.29,9724490.11
1474156800,610.7,612.38,605.22,607.08,16329.91,10004923.58
1474243200,609.85,612.41,606.99,610.7,21236.53,12981851.28
1474329600,609.24,611.27,605.93,609.85,22607.66,13809380.94
1474416000,597.16,608.82,591.69,609.24,36862.36,22059386.51
1474502400,595.63,599.78,592.83,597.16,22441.49,13463966.31
1474588800,602.92,603.7,594.11,595.63,25921.89,15567036.24
1474675200,602.59,605.92,600.5,602.92,13472.8,8196210.74
1474761600,601.49,604.87,598.35,602.59,13278.03,8038079.81
1474848000,606.54,608.46,598.17,601.49,27504.57,16700407.53
1474934400,605.47,608.97,601.73,606.54,25546.7,15534315.77
1475020800,604.67,606.9,602.62,605.47,18936.2,11485005.36
1475107200,604.7,607.23,602.01,604.67,25321.05,15403975.48
1475193600,608.14,608.78,602.25,604.7,23952.58,14534745.84
1475280000,613.41,615,607.07,608.14,16932.63,10415543.03
1475366400,610.69,614.21,607.67,613.41,16534.52,10096653.77
1475452800,611.6,613.2,608.47,610.69,21946.12,13462741.8
1475539200,608.96,612.68,606.5,611.6,24993.32,15300692.52
1475625600,611.82,613.65,607.98,608.96,23401.3,14360536.88
1475712000,610.97,612.68,608.54,611.82,21625.57,13276337.45
1475798400,616.03,619.43,609.12,610.97,32725.06,20167399.2
1475884800,617.65,619.56,614.88,616.03,13620.86,8467434
1475971200,615.77,618.35,613.01,617.65,13430.26,8320759.4
1476057600,617.29,618.81,612.76,615.77,25230.93,15597892.34
1476144000,640.45,642.35,615.6,617.29,55765.89,35367127.91
1476230400,635.99,642.51,632.19,640.45,26952.73,17240000.95
1476316800,635.6,639.52,632.25,635.99,25614.65,16387361.92
1476403200,637.92,640.46,630.66,635.6,31421.75,20114873.61
1476489600,637.03,641.4,635.06,637.92,12381.25,7970927.57
1476576000,640.12,642.18,636.39,637.03,12886.16,8306925.43
1476662400,637.37,641.29,634.89,640.12,27691.09,17742610.19
1476748800,635.34,639.34,632.23,637.37,24598.13,15725013.13
1476835200,629.06,637.27,624.09,635.34,35289.02,22379197.69
1476921600,628.34,630.83,625.48,629.06,20943.99,13252110.98
1477008000,630.45,633.26,627.58,628.34,28087.96,17836383.25
1477094400,655.48,659.89,629.72,630.45,37097.19,24154228.12
1477180800,653.03,661.2,648.78,655.48,21907.32,14418212.04
1477267200,650.49,654.32,645.68,653.03,33243.05,21726106.55
1477353600,651,662.54,647.65,650.49,36742.93,24179462.12
1477440000,674.67,678.39,651.39,651,47670.4,31949607.32
1477526400,682.3,687.88,672.26,674.67,46557.39,31862181.34
1477612800,686.24,688.43,678.63,682.3,38968.34,26829414
1477699200,714.95,720.19,685.22,686.24,54028.31,38351348.64
1477785600,697.27,714.91,689.51,714.95,39328.5,27793236.64
1477872000,698.67,707.21,682.17,697.27,38046.55,26687188.09
1477958400,726.76,734.36,695.2,698.67,68064.91,49453950.69
1478044800,733.51,735.78,718.14,726.76,39043.27,28452232.03
1478131200,684.87,744.43,670.4,733.51,96409.44,69067917.54
1478217600,702.08,706.64,681.27,684.87,48235.17,33762721.43
1478304000,702.11,706.38,694.03,702.08,22018.95,15554565.72
1478390400,709.91,714.13,697.63,702.11,25809.88,18363567.63
1478476800,705.4,711.66,698.35,709.91,30743.71,21797370.12
1478563200,710.9,714.63,700.96,705.4,39732.33,28262235.71
1478649600,721.42,741.23,707.13,710.9,70698.2,51548567.54
1478736000,714.57,723.02,707.31,721.42,33327.52,23931322.76
1478822400,714.97,719.79,711.67,714.57,25583.38,18386841.21
1478908800,704.27,717.37,701.08,714.97,27601.81,19677656.63
1478995200,701.97,705.61,685.01,704.27,36136.74,25249834.8
1479081600,704.56,708.03,696.11,701.97,37752.31,26613445.03
1479168000,711.1,716.93,697.91,704.56,41401.17,29562740.26
1479254400,740.28,745.98,708.14,711.1,79569.14,58304902.39
1479340800,737.53,751.91,730.08,740.28,62772.48,46942756.4
1479427200,746.96,751.43,730.95,737.53,39708.18,29666065.54
1479513600,747.89,755.34,737.44,746.96,25625.82,19276573.28
1479600000,728.51,752.26,712.77,747.89,47423.27,34876785.19
1479686400,736.19,744.33,726.55,728.51,32508.2,24010681.87
1479772800,749.34,754.01,730.62,736.19,44441.44,33225195.21
1479859200,741.07,750.93,731.34,749.34,37869.33,28258203.98
1479945600,735.31,744.24,726.19,741.07,37239.41,27531777.52
1480032000,740.39,741.25,728.97,735.31,28846.87,21299510.69
1480118400,734.14,740.96,725.62,740.39,22578.17,16682481.58
1480204800,729.42,738.29,727.11,734.14,21354.15,15735824.63
1480291200,733.3,738.1,727.74,729.42,34117.31,25153838.93
1480377600,732.56,737.04,727.78,733.3,32567.83,24030304.1
1480464000,742.49,745.39,730.57,732.56,39277.45,29210351.41
1480550400,752.63,755.48,741.08,742.49,54029.19,40690942.17
1480636800,770.94,779.02,752.25,752.63,63217.85,48893613.64
1480723200,764.24,772.32,755.81,770.94,38445.54,30234128.1
1480809600,766.39,769.23,758.8,764.24,19163.97,14755120.48
1480896000,754.34,769.18,746.01,766.39,51164.97,39082688.28
1480982400,758.21,762.48,750.91,754.34,33430.33,25497771.6
1481068800,765.56,769.02,754.27,758.21,34864.8,26755412.58
1481155200,768.49,773.41,761.17,765.56,28780.25,22208497.22
1481241600,770.48,773.48,765.03,768.49,24176.98,18722048.47
1481328000,774,776.96,769.19,770.48,18017.98,14049110.07
1481414400,767.91,774.16,763,774,17140.02,13269086.38
1481500800,778.47,781.26,767.86,767.91,28759.72,22442991.37
1481587200,778.74,790.33,767.77,778.47,33108.65,25894856.06
1481673600,776.5,780.77,771.01,778.74,24782.47,19326375.41
1481760000,775.21,780.27,773.12,776.5,26224.24,20452116.66
1481846400,782.05,783.94,773.31,775.21,27607.57,21650384.64
1481932800,787.17,791.57,779.36,782.05,23581.31,18648778.51
1482019200,789.01,791.26,783.8,787.17,14532.68,11525747.48
1482105600,789.79,793.73,786.31,789.01,25460.54,20238681.94
1482192000,799.1,800.02,787.12,789.79,34480.19,27406319.09
1482278400,829.21,833.13,795.98,799.1,65293.55,53411082.07
1482364800,860.15,874.68,828.87,829.21,70557.59,60511618.45
1482451200,917.17,920.26,858.04,860.15,102224.08,91802931.23
1482537600,891.07,920.49,880.79,917.17,46030.07,41576781.41
1482624000,891.07,895.24,851.42,891.07,42483.29,37173377.51
1482710400,898.38,909.32,885.88,891.07,38787.58,35002753.4
1482796800,925.78,937.91,893.38,898.38,49691.61,45966615.06
1482883200,972.17,974.51,925.49,925.78,77285.8,73811803.99
1482969600,971.08,982.57,949.23,972.17,61124.62,59226667.89
1483056000,959.04,971.59,927.4,971.08,70839.81,67449149.3
1483142400,963.38,965.47,942.4,959.04,27559.31,26379401.89
1483228800,995.44,1001.61,956.1,963.38,41148.52,40570922.99
1483315200,1017.05,1031.68,990.2,995.44,64951.63,66038073.34
1483401600,1033.3,1035.47,1006.53,1017.05,54788.01,56085870.7
1483488000,1135.41,1148.54,1022.32,1033.3,156272.17,170584623.04
1483574400,989.35,1150.63,874.53,1135.41,240007.84,244839289.77
1483660800,886.16,1027.42,852.55,989.35,194290.96,179160668.84
1483747200,888.87,900.86,806.66,886.16,130663.09,113037531.71
1483833600,900.86,936.13,875.85,888.87,76905.99,70298340.37
1483920000,899.78,910.47,870.91,900.86,62579.5,55963281.18
1484006400,904.37,911.32,890.12,899.78,53709.46,48644106.82
1484092800,785.43,917.65,751.63,904.37,194436.54,160194109.8
1484179200,810.11,828.21,739.55,785.43,120241.76,93986701.88
1484265600,824.83,835.05,771,810.11,89861.97,72555875.62
1484352000,819.63,838.9,808.27,824.83,44207.74,36594482
1484438400,821.17,826.43,808.63,819.63,24401.41,20004735.1
1484524800,827.34,836.66,817.7,821.17,33222.93,27592899.17
1484611200,899.66,906.38,825.04,827.34,82207.99,72272727.15
1484697600,872.03,913.67,845.87,899.66,69258.17,61042392.11
1484784000,895.21,905.28,870.71,872.03,58440.87,52300814.98
1484870400,892.91,901.49,878.9,895.21,38865.48,34847130.33
1484956800,919.84,928.93,889.46,892.91,40378.21,37129176.59
1485043200,918.84,938.38,888.62,919.84,47927.32,44074299.79
1485129600,921.46,927.98,910.85,918.84,32744.43,30261054.5
1485216000,893.75,925.61,889.15,921.46,58874.32,53468911.31
1485302400,894.41,905.7,883.63,893.75,37902.18,34014866.15
1485388800,915.56,919.32,893.49,894.41,33800.2,30795685.98
1485475200,918.01,922.56,907.92,915.56,30968.49,28503144.41
1485561600,918.51,921.89,912.84,918.01,14307.36,13251844.02
1485648000,914.55,922.4,912.68,918.51,11052.31,10214368.33
1485734400,920.73,922.35,911.51,914.55,19062.15,17604172.47
1485820800,965.49,967.45,917.38,920.73,54670.21,51869216.53
1485907200,982.43,986.57,959.82,965.49,45223.3,44035816.37
1485993600,1003.97,1009.13,973.5,982.43,50863.87,50633910.56
1486080000,1013.02,1023.72,989.21,1003.97,61671.88,62431017.97
1486166400,1031.85,1041.04,1000.41,1013.02,39461.62,40406542.54
1486252800,1016.11,1033.66,1004.05,1031.85,31058.49,31669956.98
1486339200,1024.67,1030.6,1010.83,1016.11,32019.82,32828350.27
1486425600,1049.56,1054.1,1019.87,1024.67,39553.25,41318349.43
1486512000,1055.49,1069.23,1020.33,1049.56,65145.12,68336320.22
1486598400,978.96,1073.03,924.65,1055.49,146746.26,145839317.48
1486684800,997.61,1005.6,947.02,978.96,62132.99,60639111.4
1486771200,1008.32,1014.32,983.93,997.61,28319.39,28504495.1
1486857600,996.52,1007.82,992.45,1008.32,14750.39,14825023.07
1486944000,995.36,1007.61,975.1,996.52,32908.63,32785064.4
1487030400,1008.34,1013.8,986.46,995.36,39537.9,39810076.3
1487116800,1008.19,1010.93,999.73,1008.34,23359.15,23569549.45
1487203200,1031.93,1040.28,1007.39,1008.19,38080.21,39114743.32
1487289600,1049.41,1057.39,1025.87,1031.93,45711.79,47815360.54
1487376000,1052.28,1063.21,1044.68,1049.41,25362.02,26856521.18
1487462400,1048.89,1056.48,1037.67,1052.28,17953.15,18876881.86
1487548800,1077.56,1081.78,1040.99,1048.89,31010.85,32959720.15
1487635200,1119.03,1123.03,1073.54,1077.56,57048.87,62908569.43
1487721600,1120.46,1132.25,1094.83,1119.03,47913.31,53647453.34
1487808000,1171.91,1181.6,1113.54,1120.46,65737.1,75663167.44
1487894400,1176.49,1211.74,1092.41,1171.91,108170.88,126978010.75
1487980800,1149.05,1180.01,1116.21,1176.49,45860.52,53003830.46
1488067200,1171.58,1177.47,1130.61,1149.05,30764.77,35750258.05
1488153600,1188.83,1195.82,1164.27,1171.58,35468.84,42035366.64
1488240000,1189.27,1208.22,1175.75,1188.83,50579.83,60371869.57
1488326400,1222.66,1225.04,1154.55,1189.27,51153.83,61964760.57
1488412800,1255.47,1286.98,1211.96,1222.66,78492.01,98040639.32
1488499200,1283.3,1291.35,1250.8,1255.47,67275.49,85876262.86
1488585600,1264.32,1285.78,1228.73,1283.3,38418.2,48597934.9
1488672000,1271.22,1273.28,1242.1,1264.32,25430.23,32104972.38
1488758400,1277.01,1280.61,1261,1271.22,31026.9,39591110.81
1488844800,1232.69,1280.89,1148.66,1277.01,87722.01,108673876.49
1488931200,1146.97,1242.04,1136.88,1232.69,97875.25,116342973.91
1489017600,1191.33,1206.97,1129.35,1146.97,59860.55,70427061.57
1489104000,1112.39,1330.42,988.69,1191.33,190472.52,223836041.81
1489190400,1179.22,1202.69,1104.78,1112.39,70747.22,82387198.06
1489276800,1225.11,1235.46,1160.9,1179.22,44412.09,53441762.07
1489363200,1238.19,1245.63,1205.61,1225.11,60460.94,74376298.14
1489449600,1243.14,1255.52,1218.38,1238.19,45142.05,56058617.23
1489536000,1253.43,1256.95,1236.43,1243.14,43592.4,54486699.63
1489622400,1172.88,1260.24,1118.96,1253.43,132773.3,159409024.53
1489708800,1071.71,1174.9,1063.48,1172.88,163739,183879768.71
1489795200,971.38,1103.61,940.18,1071.71,210424.36,212772055.65
1489881600,1022.6,1063.67,967.31,971.38,106444.72,108128237.76
1489968000,1047.51,1057.5,1005.05,1022.6,61431.4,63833143.48
1490054400,1121.29,1125.53,1043.87,1047.51,92591.27,101051998.73
1490140800,1044.72,1121.88,997.78,1121.29,115286.08,120730492.05
1490227200,1035.03,1062.79,1022.02,1044.72,56517.89,58898141.13
1490313600,939.7,1038.38,927.35,1035.03,132599.72,130042865.54
1490400000,966.3,995.96,890.43,939.7,127044.59,118395054.45
1490486400,969.44,1004.32,946.65,966.3,85332.41,83255983.42
1490572800,1045.14,1048.85,961.8,969.44,91256.43,92332221.14
1490659200,1044.42,1068.41,1015.45,1045.14,80000.9,83567551.46
1490745600,1041.9,1058.66,1008.34,1044.42,68852.51,71261535.48
1490832000,1037.91,1052.66,1020.93,1041.9,74984.88,77633883.53
1490918400,1079.11,1088.2,1035.18,1037.91,90987.94,96543920.02
1491004800,1086.12,1103.74,1067.47,1079.11,50658.36,55020078.21
1491091200,1097.4,1109.48,1074.21,1086.12,70980.71,77853933.84
1491177600,1147.56,1157.87,1095.55,1097.4,98499.3,111870807.42
1491264000,1141.77,1161.19,1122.15,1147.56,70998.95,81164094.44
1491350400,1129.87,1143.84,1110.06,1141.77,69469.37,78335573.66
1491436800,1188.7,1201.55,1130.51,1129.87,92357.58,108182158.18
1491523200,1190.49,1201.23,1173.18,1188.7,59746.57,71184485.98
1491609600,1180.78,1198.22,1166.65,1190.49,33180.63,39393003.33
1491696000,1204.34,1215.1,1173.99,1180.78,45351.08,54498333.26
1491782400,1206.71,1214.87,1194.81,1204.34,40013.05,48473680.7
1491868800,1220.74,1229.57,1195.76,1206.71,37394.78,45563707.07
1491955200,1212.53,1225.46,1207.36,1220.74,44783.23,54699396.14
1492041600,1176.2,1218.66,1150.29,1212.53,66051.93,78456422.62
1492128000,1177.33,1195.4,1162.16,1176.2,47217.49,56129576.67
1492214400,1176.99,1194.85,841.53,1177.33,28384.58,33877537.21
1492300800,1176.8,1187.97,1166.74,1176.99,18930.29,22538918.55
1492387200,1194.01,1202.97,1172.81,1176.8,46483.54,56095607.39
1492473600,1206.09,1213.88,1191.14,1194.01,52747.52,64900219.25
1492560000,1215.2,1218.21,1194.08,1206.09,43347.15,53034357.1
1492646400,1238.09,1246.64,1210.67,1215.2,55194.86,69223360.98
1492732800,1249.64,1256.97,1235.56,1238.09,41344.02,52498296.85
1492819200,1240.89,1256.97,1215.78,1249.64,43814.59,55776932.72
1492905600,1249.14,1256.23,1223.06,1240.89,42608.01,54224355.75
1492992000,1248.18,1256.36,1234.86,1249.14,38542.24,49281629.32
1493078400,1264.31,1272.62,1244.21,1248.18,43885.78,56659016.28
1493164800,1286.63,1309.2,1263,1264.31,58908.66,77649710.39
1493251200,1332.91,1346.79,1285.3,1286.63,61771.48,83319636.4
1493337600,1329.62,1356.15,1287.62,1332.91,77569.41,104536476.71
1493424000,1336.28,1343.69,1314.15,1329.62,40969.34,55982468.15
1493510400,1351.91,1358.94,1309.66,1336.28,40643.04,55470285.83
1493596800,1415.81,1448.68,1342.78,1351.91,100438.27,144414038.52
1493683200,1445.93,1471.14,1394.83,1415.81,70004.82,103342244.97
1493769600,1485.55,1496.39,1424.05,1445.93,81717.36,122551707.4
1493856000,1516.76,1609.84,1437.11,1485.55,136711.3,213084949.56
1493942400,1507.77,1588.11,1485.01,1516.76,120379.24,188015771.96
1494028800,1545.29,1560.42,1503.93,1507.77,59602.01,92747185.54
1494115200,1554.45,1572.89,1495.18,1545.29,71355.58,111708072.42
1494201600,1664.47,1667.67,1552.86,1554.45,107226.89,174687869.23
1494288000,1697.5,1757.39,1619.97,1664.47,127228.68,219169486.19
1494374400,1752.31,1766.18,1664.99,1697.5,89679.81,156203600.07
1494460800,1819.29,1864.76,1741.54,1752.31,109009,198829123.41
1494547200,1686.39,1822.51,1641.18,1819.29,109341.25,192159873.95
1494633600,1763.74,1770.5,1594.59,1686.39,75467.87,128390095.83
1494720000,1772.55,1802.75,1736.13,1763.74,40635.4,72874378.57
1494806400,1708.92,1776.65,1656.81,1772.55,80241.72,138499150.92
1494892800,1729.34,1752.55,1653.72,1708.92,75541.37,130379207.17
1494979200,1801.3,1842.83,1703.97,1729.34,94618.69,170954154.68
1495065600,1880.99,1980.49,1791.12,1801.3,73095.54,135901905.39
1495152000,1962,1969.7,1875.28,1880.99,98759.13,191523926.23
1495238400,2040.18,2048.45,1944.4,1962,89862.03,179346919.05
1495324800,2044.19,2094.94,1980.07,2040.18,78775.32,161036810.13
1495411200,2124.41,2264.76,1998.61,2044.19,174376.65,373482496.01
1495497600,2272.58,2286.3,2110.78,2124.41,114179.23,251969081.94
1495584000,2445.28,2496.98,2263.29,2272.58,149254.84,353734030.88
1495670400,2307.22,2781.76,2210.48,2445.28,248438.97,622139030.97
1495756800,2244.89,2616.52,2051.45,2306.96,191494.03,441342711.51
1495843200,2052.43,2322.37,1868.56,2244.89,222952.91,446034004.02
1495929600,2189.02,2300.52,2051.07,2052.43,125004.39,266766116.87
1496016000,2278.21,2337.35,2117.34,2189.02,92235.69,204101576.11
1496102400,2192.55,2329.26,2147.1,2278.21,120964.11,270069146.9
1496188800,2303.34,2330.62,2168.37,2192.55,117749.1,261223035.96
1496275200,2412.65,2460.84,2303.34,2303.34,122696.44,290070431.91
1496361600,2492.6,2493.97,2385.59,2412.65,83028.45,199765372.83
1496448000,2545.43,2582.77,2449.95,2492.6,70956.49,177168595.51
1496534400,2524.06,2559.79,2478.18,2545.43,59478.96,149060810.38
1496620800,2704.96,2705.38,2523.92,2524.06,86686.38,225611887.49
1496707200,2870.5,2931.24,2699.68,2704.96,192228.25,538772473.78
1496793600,2691.51,2880.95,2626.56,2870.5,122676.04,340329903.73
1496880000,2798.78,2808.41,2623.61,2691.51,95420.44,260898606.12
1496966400,2811.43,2852.07,2786.07,2798.78,67044.96,189237110.88
1497052800,2900.25,2914.19,2807.36,2811.43,86516.58,246869682.08
1497139200,2973.45,2977.86,2867.25,2900.25,83026.07,241516660.76
1497225600,2656.77,2985.06,2483.63,2973.45,217963.32,585158909.87
1497312000,2712.99,2784.77,2647.44,2656.77,116738.08,314476276.72
1497398400,2467.27,2803.72,2348.99,2712.99,174189.24,448294279.42
1497484800,2442.46,2521.6,2125.56,2467.27,262787.33,606264366.01
1497571200,2508.58,2536.42,2335.28,2442.46,117206.43,286630757.58
1497657600,2655.1,2690.71,2454.81,2508.58,95948.29,246698591.9
1497744000,2539.56,2676.04,2488.59,2655.1,92004.22,235239296.33
1497830400,2616.82,2617.75,2518.78,2539.56,81829.22,210372750.85
1497916800,2754.38,2800.48,2613.98,2616.82,111303.55,300034010.58
1498003200,2677.62,2804.41,2624.35,2754.38,116033.61,313234721.45
1498089600,2722.84,2757.32,2623.17,2677.62,78297.6,210318780.96
1498176000,2710.37,2759.66,2699.48,2722.84,56938.1,155303414.19
1498262400,2590.05,2741.56,2540.35,2710.37,86964.18,228007287.01
1498348800,2541.62,2660.66,2472.37,2590.05,86972.43,220679135.83
1498435200,2446.05,2584.75,2327.26,2541.62,165825.86,401912134.89
1498521600,2583.75,2585.06,2309.63,2446.05,159263.78,381517099.87
1498608000,2577.74,2616.95,2490.11,2583.75,110423.89,279792448.24
1498694400,2558.37,2605.86,2526.51,2577.74,75323.92,191733499.8
1498780800,2480.61,2576.28,2469.54,2558.37,73001.6,183878856.3
1498867200,2424.61,2529.62,2387.47,2480.61,66319.98,160661673.8
1498953600,2536.46,2555.34,2375.86,2424.61,67757.31,165839565.2
1499040000,2572.47,2617.48,2506.3,2536.46,83418.16,212244951.2
1499126400,2617.32,2658.73,2569.99,2572.47,80675.07,210433639.12
1499212800,2627.86,2642.74,2562.04,2617.32,89719.19,232257106.93
1499299200,2614.24,2634.84,2581.8,2627.86,60155.45,156558009.83
1499385600,2513.88,2617.48,2484.73,2614.24,90447.94,229168229.22
1499472000,2564.86,2568.73,2480.62,2513.88,54508.76,136973389.49
1499558400,2511.43,2576.73,2509.65,2564.86,39161.96,99506518.51
1499644800,2344.02,2530.34,2271.79,2511.43,123797.54,297270301
1499731200,2324.29,2412.75,2265.48,2344.02,146630.2,341998621.09
1499817600,2403.09,2424.82,2262.08,2324.29,109522.9,257095280.13
1499904000,2362.44,2436.66,2334.96,2403.09,88166.37,208630220.69
1499990400,2234.17,2370.53,2165.36,2362.44,114411.35,257704533.44
1500076800,1975.08,2237.13,1974.03,2234.17,155317.39,320719096.8
1500163200,1914.09,2044.41,1808.99,1975.08,189643.47,364287861.72
1500249600,2233.39,2233.83,1913.79,1914.09,176887.53,368366495.35
1500336000,2320.23,2400.74,2164.59,2233.39,202621.16,465220151.81
1500422400,2282.58,2412.38,2243.13,2320.23,154319.01,357639189.58
1500508800,2866.02,2932.81,2282.11,2282.58,310335.43,807416890.88
1500595200,2675.08,2873.96,2622.54,2866.02,193756.93,529154789.97
1500681600,2836.53,2876.71,2658.59,2675.08,121917.95,341992860.2
1500768000,2756.61,2856.67,2675.65,2836.53,108229.76,299869260.34
1500854400,2763.42,2798.89,2715.69,2756.61,83009.25,229047365.02
1500940800,2582.58,2779.08,2472.62,2763.42,205883.15,534765380.75
1501027200,2559.21,2631.73,2441.54,2582.58,135502.93,340465234.92
1501113600,2691.88,2712.92,2547.74,2559.21,103832.54,269880857.99
1501200000,2806.75,2843.78,2683.59,2691.88,138904.86,383479795.74
1501286400,2733.5,2812.13,2699.42,2806.75,84491.69,230818894.97
1501372800,2766.49,2773.06,2621.68,2733.5,82717.65,222933516.31
1501459200,2883.27,2916.3,2723.05,2766.49,91115.22,254836601.62
1501545600,2746.99,2946.02,2659.62,2883.27,123174.1,341216428.6
1501632000,2720.53,2773.8,2668.87,2746.99,81817.6,222534344.58
1501718400,2809.99,2822.88,2717.62,2720.53,68102.9,188517085.91
1501804800,2878.49,2892.67,2779.51,2809.99,68760.4,195800289.46
1501891200,3262.8,3344.01,2875.91,2878.49,159402.96,503737620.4
1501977600,3232.03,3295.07,3166.52,3262.8,60660.39,196484496.53
1502064000,3401.91,3425.13,3198.51,3232.03,88111.88,294021645.24
1502150400,3429.38,3494.87,3357.15,3401.91,106940.67,366169429.25
1502236800,3348.79,3437.15,3251.03,3429.38,97062.76,324058681.71
1502323200,3425.67,3453.84,3322.92,3348.79,71000.32,242024460.29
1502409600,3654.37,3706.48,3409.79,3425.67,97564.43,345135492.36
1502496000,3871.62,3967.26,3611.36,3654.37,123593.57,469532325.43
1502582400,4062.6,4189.42,3847.31,3871.62,158586.97,638917500.34
1502668800,4327.94,4336.71,3978.95,4062.6,128460,540927757.84
1502755200,4161.66,4436.48,3837.13,4327.94,211581.81,872840682.33
1502841600,4387.4,4398.06,3938.62,4161.66,112901.04,472960334.46
1502928000,4278.92,4487.5,4194.1,4387.4,127475.88,554232802.49
1503014400,4105.37,4362.73,3978.28,4278.92,144398.64,603898315.45
1503100800,4150.45,4189.68,3957.46,4105.37,113724.38,462723151.89
1503187200,4066.6,4182.29,4034.4,4150.45,70163.05,288193446.22
1503273600,4005.1,4097.25,3966.93,4066.6,90644.62,365174045.82
1503360000,4089.7,4142.68,3612.21,4005.1,169138.73,659657838.92
1503446400,4141.09,4255.62,4070.49,4089.7,96649.15,402340258.48
1503532800,4318.35,4364.11,4111.71,4141.09,72358.36,305373477.79
1503619200,4364.41,4461.71,4292.63,4318.35,82901.88,362283252.98
1503705600,4352.3,4379.28,4263.28,4364.41,46159.77,199403922.82
1503792000,4345.75,4408.18,4321.12,4352.3,42516.01,185180843.1
1503878400,4390.31,4403.13,4195.23,4345.75,75486.08,325285703.33
1503964800,4597.31,4647.83,4350.22,4390.31,100801.36,455467850.19
1504051200,4583.02,4644.06,4491.79,4597.31,68471.63,313466398.12
1504137600,4735.11,4765.07,4580.13,4583.02,72293.57,338981145.1
1504224000,4921.85,4925.23,4690.17,4735.11,102012.79,491140364.58
1504310400,4573.8,4976.52,4448.64,4921.85,160770.39,747713818.1
1504396800,4612.92,4719.78,4397.74,4573.8,102823.39,470135795.37
1504483200,4267.45,4621.01,4098.58,4612.92,170399.25,737216060.51
1504569600,4409.08,4496.67,4004.62,4267.45,158410.81,673846827.74
1504656000,4618.71,4660.04,4401.53,4409.08,110931.13,504717245.65
1504742400,4635.6,4690.55,4493.2,4618.71,70531.23,324939872.82
1504828800,4326.45,4699.59,4130.88,4635.6,180364.02,786819863.5
1504915200,4335.13,4402.15,4185.33,4326.45,77087.34,332195251.06
1505001600,4245.89,4338.08,4032.15,4335.13,108075.24,451244396.53
1505088000,4217.9,4364.42,4134.62,4245.89,88757.81,375254125.16
1505174400,4158.92,4387.76,4074.97,4217.9,107041.94,453402207.42
1505260800,3870.29,4174.58,3752.01,4158.92,186540.37,728385231.78
1505347200,3243.08,3930.69,3218.98,3870.29,317592.57,1118258889.56
1505433600,3713.76,3824.43,2979.88,3243.08,448551.92,1519153953.02
1505520000,3698.92,3893.67,3551.83,3713.76,169361.61,627559216.22
1505606400,3689.61,3796.56,3485.83,3698.92,96068.08,351250484.2
1505692800,4100.28,4122.75,3689,3689.61,147927.08,586938661.3
1505779200,3907.96,4120.71,3852.22,4100.28,123214.81,488897829.62
1505865600,3882.16,4053.04,3846.76,3907.96,86645.15,342438072.5
1505952000,3617.27,3912.79,3576.54,3882.16,145124.78,543570164.08
1506038400,3600.83,3753.51,3505.81,3617.27,114717.36,414612501.81
1506124800,3788.02,3813.39,3563.18,3600.83,67820.32,253370774.72
1506211200,3667.52,3790.89,3633.88,3788.02,49661.76,183852135.74
1506297600,3932.83,3971.5,3665.67,3667.52,100194.7,386674961.65
1506384000,3892.7,3982.31,3858.75,3932.83,63252.3,248481868.86
1506470400,4212.2,4232.35,3882.08,3892.7,117596.07,480358673.93
1506556800,4195.65,4274.64,4112.88,4212.2,92228.17,386909537.01
1506643200,4172.79,4237.51,4030.37,4195.65,97803.91,404599756.28
1506729600,4360.62,4383.27,4164.25,4172.79,67493.68,290796939.99
1506816000,4403.09,4412.62,4258.32,4360.62,60583.85,262485153.92
1506902400,4401.32,4477.38,4364.67,4403.09,71201.48,314621927.61
1506988800,4314.18,4435.99,4230.73,4401.32,81867.3,353046057.47
1507075200,4218.66,4355.29,4183.57,4314.18,64081.96,272424730.47
1507161600,4321.44,4365.76,4143.35,4218.66,63613.2,271914958.4
1507248000,4371.94,4422.15,4296.93,4321.44,61692.93,269878225.69
1507334400,4435.81,4472.92,4319.48,4371.94,40202.08,176332039.12
1507420800,4611.7,4622.87,4419.36,4435.81,71366.95,323063950.84
1507507200,4777.49,4875.38,4556.15,4611.7,110191.77,518586828.49
1507593600,4763.36,4930,4722.81,4777.49,98485,475717720.64
1507680000,4824.2,4874.89,4718.6,4763.36,70482.75,338533507.33
1507766400,5432.62,5432.63,4814.98,4824.2,163916.09,848641969.34
1507852800,5637.26,5852.78,5391.97,5432.62,215018.92,1211469140.96
1507939200,5824.71,5839.62,5568.86,5637.26,76224.35,434406119.95
1508025600,5688.14,5862.69,5448.22,5824.71,101636.95,571166215.25
1508112000,5759.33,5795.33,5576.1,5677.35,61358.95,349154669.33
1508198400,5598.58,5773.32,5521.09,5759.25,65637.43,368658284.35
1508284800,5575.83,5601.3,5114.87,5598.58,122020.31,654722509.03
1508371200,5698.65,5737.41,5517.62,5576.71,83056.09,469774559.06
1508457600,5993.11,6075.32,5611.39,5698.62,123860.51,729487923.01
1508544000,6006.65,6187.2,5874.54,5993.11,112943.89,684989667.22
1508630400,5982.86,6070.56,5722.98,6006.65,105030.93,618893096.8
1508716800,5903.61,6048.98,5644.22,5982.86,137140.4,801148315.46
1508803200,5513.08,5904.63,5463.41,5903.61,143735.81,811951129.66
1508889600,5734,5747.96,5375.64,5513.08,105839.48,585738379.88
1508976000,5887.61,5970.4,5689.92,5734,93675.55,547664553.57
1509062400,5764.56,5997.83,5692.32,5887.62,83933.5,488283724.04
1509148800,5726.61,5871.04,5654.8,5764.56,53232.17,305611140.99
1509235200,6147.52,6295.43,5679.37,5726.61,163055.75,966990808.93
1509321600,6124.28,6226.18,6018.97,6147.7,78624.31,481600502.95
1509408000,6451.24,6467.2,6090.83,6124.28,101249.62,637838767.02
1509494400,6737.78,6738.74,6355,6449.1,133191.93,869798619.79
1509580800,7024.81,7339.91,6737.77,6737.78,238796.19,1663170039.86
1509667200,7152.12,7445.62,6938.93,7024.81,154886.75,1120978013.29
1509753600,7363.8,7492.24,6957.84,7146.98,106602.67,773371754.85
1509840000,7389.55,7599.44,7284.33,7363.8,105727.2,789287755.18
1509926400,6959.23,7429.7,6934.73,7389.55,159688.48,1148125488.89
1510012800,7102.75,7222.37,6957.8,6959.27,101044.57,716798409.14
1510099200,7444.36,7869.1,7026.97,7102.23,220224.38,1632547465.88
1510185600,7129.59,7457.12,7040.83,7444.36,126769.9,915963933.06
1510272000,6565.8,7318.97,6406.05,7129.59,222001.18,1513421266.51
1510358400,6339.86,6821.5,6197.87,6565.8,135719.07,878096915.35
1510444800,5878.13,6490.53,5493.64,6339.87,269832.87,1629165385.9
1510531200,6522.45,6760.15,5828.34,5878.09,178340.89,1135256036.03
1510617600,6597.06,6728.59,6419.18,6522.45,96502.09,634604991.54
1510704000,7283.22,7330.06,6596.94,6597.06,131120.23,922959468.47
1510790400,7853.68,7964.64,7119.17,7283.02,133937.8,1010130763.21
1510876800,7699.95,8000.19,7534.7,7853.68,117347.03,917599923.24
1510963200,7780.91,7857.52,7458.9,7699.95,74382.12,571121111
1511049600,8042.64,8100.87,7675.41,7781.02,68618.85,541391321.61
1511136000,8244.69,8294.12,7947.28,8042.64,75703.64,617354329.03
1511222400,8099.97,8368.36,7819.06,8245.87,115454.28,938345413.24
1511308800,8234.55,8304.37,8091.63,8099.92,65811.68,539697375.37
1511395200,8013.41,8266.55,8012.35,8234.5,68010.7,555465146.26
1511481600,8200.8,8332.94,7900.17,8013.38,72994.63,595710405.8
1511568000,8754.69,8761.98,8153.7,8203.45,84670.41,718483679.6
1511654400,9318.42,9474.62,8746.56,8754.62,85891.98,782499976.71
1511740800,9733.2,9733.61,9316.84,9318.42,106902.79,1025175619.87
1511827200,9906.04,9969.58,9638.2,9732.63,87754.89,865328615.73
1511913600,9837.86,11417.84,8938.7,9906.04,233325.32,2418792360.6
1512000000,9946.76,10689.06,9023.77,9848.05,187008.87,1836210107.31
1512086400,10861.47,10942.8,9420.93,9947.08,131918.85,1353669597.43
1512172800,10912.73,11175.23,10715.55,10861.47,86825.51,950474241.58
1512259200,11246.21,11851.09,10578.43,10912.72,122125.7,1380012064.12
1512345600,11623.91,11624.63,10917.81,11244.2,93173.9,1057859226.18
1512432000,11667.13,11901.87,11486.13,11624.37,89687.21,1048839303.8
1512518400,13749.57,13843.2,11661.76,11667.13,191576.66,2437037791.81
1512604800,16850.31,16879.26,13401.61,13750.09,297108.66,4510225316.19
1512691200,16047.61,17294.85,13906.1,16867.98,286762.02,4546014731.58
1512777600,14843.42,16313.18,13151.47,16048.18,181979.81,2699876215.33
1512864000,15059.6,15783.2,13031,14839.98,201620.09,2904037859.64
1512950400,16732.47,17399.18,15024.56,15060.45,159724.56,2634267594.52
1513036800,17083.9,17560.65,16254.53,16733.29,132846.57,2246138895.89
1513123200,16286.82,17267.96,15669.86,17083.9,155407.35,2576055941.69
1513209600,16467.91,16941.08,16023.64,16286.82,107918.03,1773813863.46
1513296000,17604.85,17987.03,16442.2,16467.91,153651.15,2682351213.91
1513382400,19345.49,19587.7,17318.54,17594.08,112173.97,2078806368.79
1513468800,19065.71,19870.62,18750.91,19346.6,117408.38,2264650369.71
1513555200,18972.32,19221.1,18114.42,19065.71,139251.39,2597510049.89
1513641600,17523.7,19021.97,16812.8,18971.19,174543.37,3136709262.09
1513728000,16461.97,17813.6,15642.69,17521.73,227676.13,3791752510.78
1513814400,15632.12,17301.83,14952.98,16461.09,163735.02,2619295475.76
1513900800,13664.97,15823.72,10875.71,15632.12,466980.6,6245731508.4
1513987200,14396.46,15493.23,13356.07,13664.97,170169.39,2491903154.48
1514073600,13789.95,14413.72,12166.45,14396.63,182417.29,2428437693.16
1514160000,13833.49,14467.43,13010.71,13789.95,107475.98,1487888106.52
1514246400,15756.56,16094.67,13748.49,13830.19,143135.26,2198577125.17
1514332800,15416.64,16514.59,14534.66,15757.02,138705.28,2162831128.76
1514419200,14398.7,15505.51,13466.07,15416.34,170366.63,2425912717.56
1514505600,14392.57,15109.81,13951.08,14398.45,118874.63,1733583750.2
1514592000,12531.52,14461.46,11962.09,14392.14,182065.44,2387311023.42
1514678400,13850.4,14241.82,12359.43,12532.38,111270.55,1492142483.58
1514764800,13444.88,13921.53,12877.67,13850.49,78425.21,1057521524.42
1514851200,14754.13,15306.13,12934.16,13444.88,137732.17,1956783037.35
1514937600,15156.62,15435.01,14579.71,14754.09,106543.39,1604206990.04
1515024000,15180.08,15408.66,14244.67,15156.49,110968.82,1656714736.62
1515110400,16954.78,17126.95,14832.36,15180.08,141960.42,2283988962.92
1515196800,17172.3,17252.85,16286.57,16954.76,83927.99,1412703790.73
1515283200,16228.16,17184.81,15791.13,17174.5,79006.37,1309532650.11
1515369600,14976.17,16302.92,13902.31,16228.26,142453.96,2166366561.33
1515456000,14468.5,15390.28,14221.55,14976.17,99730.65,1486802326.34
1515542400,14919.49,14919.49,13450.54,14468.09,142303.9,2025083791.13
1515628800,13308.06,14979.96,12825.95,14920.36,173452.27,2373494121.74
1515715200,13841.19,14129.08,12851.91,13308.06,102068.02,1402292716.89
1515801600,14243.12,14595.04,13830.28,13841.19,71300.93,1021352776.21
1515888000,13638.63,14415.67,13031.91,14244.12,81536,1112590573.36
1515974400,13631.98,14355.82,13416.71,13638.63,84089.84,1170462750.59
1516060800,11282.49,13648.84,10032.69,13634.6,325702.79,3842651741.45
1516147200,11162.7,11736.3,9205.38,11282.49,348631.94,3666978316.26
1516233600,11175.52,12018.43,10642.33,11162.7,204918.02,2357251805.09
1516320000,11521.76,11780.49,10867.18,11175.52,110885.87,1264875700.45
1516406400,12783.94,13031.04,11502.11,11521.82,119084.84,1492721765.44
1516492800,11549.93,12787.35,11101.73,12783.54,130427.64,1552755289.93
1516579200,10814.52,11913.74,10067.76,11549.98,165723.08,1811992345.95
1516665600,10858.23,11388.52,9980.5,10814.52,158868.59,1710180828.64
1516752000,11429.02,11531.6,10506.55,10853.78,115804.82,1286435482.05
1516838400,11175.87,11741.92,10930.34,11428.11,93317.76,1061064251.44
1516924800,11104.2,11656.54,10346.86,11175.87,142350.84,1560135332.27
1517011200,11459.71,11638.69,10879.2,11104.34,90873.81,1031091633.68
1517097600,11767.74,12064.19,11407.94,11460.39,87917.22,1038153169.8
1517184000,11233.95,11860.29,11089.52,11767.74,80713.7,920836244.04
1517270400,10107.26,11263.7,9871.21,11234.32,164072.93,1720894077.2
1517356800,10226.86,10377.96,9698.13,10107.4,122260.49,1230902973.11
1517443200,9114.72,10280.84,8726.95,10226.86,208918.8,1964308989.29
1517529600,8870.82,9147.93,7786.2,9114.73,322596.22,2768759876.15
1517616000,9251.27,9504.37,8194.68,8872.87,139226.07,1253484523.4
1517702400,8218.05,9400.99,7889.83,9251.27,164609.06,1413207410.82
1517788800,6937.08,8391.29,6627.31,8218.05,341828.54,2534149181.03
1517875200,7701.25,7932.38,5968.36,6936.43,495883.24,3397596513.74
1517961600,7592.72,8572.68,7208.86,7701.25,271450.37,2159765331.36
1518048000,8260.69,8643.94,7590.48,7593.78,193040.33,1594673973.51
1518134400,8696.83,8743.2,7775.36,8259.26,162279.68,1348072086.15
1518220800,8569.29,9081.49,8176.25,8696.83,155616.78,1348923336.33
1518307200,8084.61,8573.35,7862.31,8569.32,123293.84,1013771945.88
1518393600,8911.27,8997.34,8084.41,8084.61,124923.98,1085921871.17
1518480000,8544.69,8955.15,8379.35,8911.17,98632.88,853320352.71
1518566400,9485.64,9508.22,8542.98,8544.69,133702.54,1220863360.18
1518652800,10033.75,10223.58,9363.38,9485.64,168776.78,1666668487.88
1518739200,10188.73,10303.14,9720.38,10033.75,105556.67,1061827697.26
1518825600,11097.21,11119.45,10074.07,10188.73,123660.48,1327921168.02
1518912000,10417.23,11288.34,10161.01,11097.21,154431.22,1659704217.34
1518998400,11182.28,11265.96,10336.32,10418.12,108244.29,1186535653.61
1519084800,11256.43,11802.23,11130.95,11182.28,142449.23,1640343867.77
1519171200,10481.66,11295.58,10256.21,11256.78,183274.25,1982721124.63
1519257600,9847.96,10941.57,9757.19,10481.66,175506.26,1795951829.82
1519344000,10175.51,10420.67,9604,9847.96,139373.76,1399448203.16
1519430400,9705.73,10528,9396.54,10175.51,125269.68,1244484468.57
1519516800,9610.11,9873.79,9329.44,9705.73,82430.45,793093192.66
1519603200,10326.5,10457.51,9411.82,9610.11,117416.47,1181729273.47
1519689600,10594.76,10879.38,10154.24,10326.5,99772.39,1060840699.02
1519776000,10334.44,11067.76,10303.14,10594.76,105434.79,1126074675.67
1519862400,10929.37,11090.3,10247.56,10334.44,88432.44,952472120.03
1519948800,11043.12,11191.94,10801.45,10929.37,77195.49,852908489.64
1520035200,11465.36,11530.66,11043.12,11043.12,71279.36,812200126.22
1520121600,11504.42,11539.79,11084.01,11465.36,61016.39,690727335.55
1520208000,11440.73,11694.15,11431.55,11503.94,68323.51,791471905.1
1520294400,10735.45,11441.65,10589.28,11440.33,109876.55,1210081181.36
1520380800,9928.56,10913.7,9470.73,10735.45,183060.08,1858869115
1520467200,9316.72,10119.21,9086.85,9928.56,154879.22,1492236089.97
1520553600,9252.76,9433.38,8393.45,9316.77,233598.15,2081621422.7
1520640000,8797.27,9518.62,8727.43,9252.76,117409.38,1084925795.69
1520726400,9544.84,9735.64,8484.32,8797.27,149877.66,1374814644.2
1520812800,9142.15,9907.41,8796.52,9543.98,152959.8,1435404200.39
1520899200,9160.12,9486.12,8856.65,9142.27,133768.47,1228556284.3
1520985600,8217.7,9360.66,7966.94,9160.12,161775.05,1385572511.72
1521072000,8268.41,8432.12,7698.47,8216.22,187365.71,1519850464.55
1521158400,8283.23,8616.63,7924.11,8267.95,129688.11,1082790136.53
1521244800,7883.45,8360.64,7765.41,8283.23,111641.32,901939422.97
1521331200,8215.4,8299.86,7318.46,7882.67,198796.34,1535519444.95
1521417600,8623.14,8725.6,8129.66,8215.5,171829.52,1447812723.08
1521504000,8920.71,9056.23,8339.8,8623.14,131959.66,1150462439.42
1521590400,8911.35,9184.51,8778.69,8920.53,109985.22,991376396.96
1521676800,8724.98,9107,8500.88,8911.37,116522.98,1023286566.15
1521763200,8934.8,8935.88,8307.58,8724.98,109649.39,939997284.45
1521849600,8548.06,9036.23,8515.53,8935.51,93296.24,827663165.33
1521936000,8472.84,8690.36,8395.85,8548.39,76775.64,657643520.26
1522022400,8152.2,8521.04,7869.27,8472.56,131859.97,1079038734.78
1522108800,7808.48,8226.24,7752.3,8152.18,116523.1,930754990.52
1522195200,7959.78,8117.79,7752.6,7808.42,82590.62,657712114.92
1522281600,7106.62,7983.77,6927.11,7959.78,185805.88,1379180030.3
1522368000,6853.76,7280.27,6595.26,7106.62,229837.79,1584675343.21
1522454400,6943.77,7228.4,6806.34,6853.75,129526.48,915400590.57
1522540800,6835.84,7056.22,6463.54,6943.77,131344.01,889887684.72
1522627200,7074.6,8218.66,6792.3,6835.58,106513.22,748861435.14
1522713600,7434.3,7528.97,7039.88,7074.65,122807.02,905326798.64
1522800000,6815.5,7442.42,6727.09,7434.3,123910.33,877199782.17
1522886400,6790.45,6933.66,6602.38,6815.5,114426.84,777145174.76
1522972800,6634.86,6869.53,6526.67,6790.45,90749.16,605651287.47
1523059200,6917.2,7083.85,6624.47,6634.86,81312.77,564883141.53
1523145600,7049.92,7132.03,6911.02,6917.2,60386.23,425825572.09
1523232000,6789.53,7204.28,6633.69,7049.92,130534.03,901883664.92
1523318400,6871.07,6922.84,6676.72,6789.53,62035.53,424510977.27
1523404800,6977.13,6999.37,6839.16,6871.07,64802.3,450141340.22
1523491200,7927.73,8051.95,6791.33,6977.04,197276.82,1490759969.77
1523577600,7899.11,8237.16,7758.8,7927.73,145665.26,1171435820.59
1523664000,8022.51,8195.34,7841.19,7898.74,66678.63,537286381.88
1523750400,8376.73,8437.03,8021.04,8022.51,68822.07,570527804.56
1523836800,8079.77,8430.93,7929.24,8376.73,87681.75,713471956.84
1523923200,7921.63,8187.6,7858.12,8079.77,71933.6,580880500.84
1524009600,8189.96,8246.57,7908.92,7921.65,73050.12,593500791.64
1524096000,8301.82,8321.01,8136.42,8189.92,72820.98,602099034.89
1524182400,8877.08,8945.14,8243.49,8301.82,114730.74,979994921.45
1524268800,8935.72,9047.82,8631.18,8877.15,93635.24,829073400.66
1524355200,8823.36,9043.98,8788.44,8935.85,68212.83,610183093.43
1524441600,8968.25,9025.73,8804.2,8823.46,61895.95,553892335.42
1524528000,9655.77,9741.91,8957.68,8967.86,136352.05,1276464750.74
1524614400,8873.62,9765.23,8757.06,9657.69,192797.41,1779806222.98
1524700800,9282.12,9315.13,8669.38,8873.57,111690.32,997427934.62
1524787200,8938.47,9385.87,8923.48,9289.01,82025.4,758182407.35
1524873600,9351.47,9435.9,8892.52,8938.47,83347.1,774111704.68
1524960000,9407.04,9552.67,9189.07,9349.94,68227.03,640931911.37
1525046400,9248.45,9459.81,9133.6,9407.35,61631.36,574099218.21
1525132800,9077.28,9251.66,8851.1,9248.25,74147.8,669555436.99
1525219200,9232.19,9271.62,8993.82,9077.28,57618.44,527488395.49
1525305600,9745.04,9817.19,9172.28,9232.19,90631.98,857646889.15
1525392000,9699.61,9785.15,9547.21,9746.26,68689.75,663887678.35
1525478400,9845.9,9968.85,9687.09,9700.37,68875.75,679872376.4
1525564800,9644.92,9936.96,9441.93,9846.44,62904.49,608650204.19
1525651200,9377.81,9662.23,9202.13,9643.99,73842.44,692580062.51
1525737600,9196.13,9472.09,9063.07,9377.08,72659.12,673924125.29
1525824000,9321.16,9373.46,8987.27,9196.13,67939.11,625495066.08
1525910400,9032.22,9393.95,9017.13,9321.52,67915.99,629850604.12
1525996800,8421,9032.27,8363.5,9032.22,134727.27,1176888629.2
1526083200,8486.67,8653.8,8225.97,8420.82,92805.87,783972252.35
1526169600,8709.46,8773.96,8350.91,8488.07,61066.94,525395861.86
1526256000,8672.9,8883,8312.72,8709.46,101370.46,874543293.99
1526342400,8480.16,8848.69,8441.25,8672.88,84517.8,730739738.9
1526428800,8344.78,8501.65,8119.17,8480.16,95203.5,789660713.22
1526515200,8071.04,8476.45,8015.77,8342.69,74445.77,615539512.71
1526601600,8247.91,8280.45,7940.35,8071.04,68665.67,558167598.76
1526688000,8249.24,8397.27,8160.8,8247.91,45978.21,381458405.45
1526774400,8533,8591.45,8181.46,8249.24,49694.23,418898289.02
1526860800,8419.65,8585.85,8347.88,8533.22,54602.79,463653636.91
1526947200,7992.75,8428.6,7962.43,8419.67,66032.52,543342369.36
1527033600,7505.77,8031.63,7460.66,7992.75,120597.47,934151146.29
1527120000,7584.74,7729.48,7283.77,7505.77,109709.83,826278113.25
1527206400,7475.36,7652.37,7347.96,7584.78,84630.56,634474356.99
1527292800,7355.06,7626.69,7314.71,7475.36,48994.09,368322782.27
1527379200,7362.23,7420.07,7256.67,7355.06,46446.45,341348321.23
1527465600,7118.88,7455.55,7092.91,7362.23,72505.5,526854342.95
1527552000,7474.75,7533.03,7069.01,7118.88,86536.7,634849312.09
1527638400,7393.02,7571.08,7295.78,7474.75,67797.62,505870974.98
1527724800,7502.15,7608.87,7349.52,7393.02,60780.47,458223966.12
1527811200,7530.55,7614.66,7370.27,7501.74,61082.25,458687659.47
1527897600,7643.26,7697.34,7467.79,7530.55,47435.99,362414878.61
1527984000,7719.75,7774.96,7606.76,7643.26,42988.84,332313005.46
1528070400,7503.2,7760.73,7469.21,7719.73,56223.86,427448262.3
1528156800,7629.4,7672.7,7394.97,7503.32,58424.84,440337235.4
1528243200,7661.79,7701.35,7504.98,7629.4,51911.42,396116252.65
1528329600,7700.11,7755.92,7651.13,7661.79,44318.41,342475552.09
1528416000,7627.52,7709.61,7559.5,7700.4,40500.95,310119047.41
1528502400,7513.69,7691.74,7495.72,7627.56,28511.04,218013881.09
1528588800,6773.72,7514.04,6661.98,7513.76,127797.43,895514425.38
1528675200,6887.37,6913.85,6652.89,6773.72,71169.64,482788065.15
1528761600,6556.94,6888.33,6462.61,6887.43,75997.29,509372466.34
1528848000,6310.43,6623,6140.63,6556.94,124304.17,797087281.14
1528934400,6643.26,6719.44,6286.23,6310.43,95038.67,620296377.11
1529020800,6396.71,6667.23,6380.69,6643.63,57731.42,379228601.07
1529107200,6503.1,6569.15,6345.99,6396.71,35851.38,232802782.59
1529193600,6457.78,6585.77,6446.38,6503.1,34359.95,224575526.46
1529280000,6714.82,6802.03,6401.41,6457.78,65285.57,430241689.13
1529366400,6741.28,6839.6,6672.2,6714.56,54949.84,370797057.99
1529452800,6761.27,6817.9,6569.96,6741.28,59674.47,400530201.24
1529539200,6720.64,6790.08,6687.66,6761.27,43765.89,295690715.67
1529625600,6051.47,6731.51,5941.32,6720.64,137346.53,862826624.25
1529712000,6166.54,6257.88,6033.2,6051.47,57011.61,350697378.49
1529798400,6157.78,6254.02,5782.13,6166.36,110833.06,667479078.32
1529884800,6260.35,6344.45,6095.25,6157.78,79086.4,492834172.99
1529971200,6088.39,6286.36,6067.49,6260.4,62925.3,391396653.43
1530057600,6141.57,6192.11,6021.69,6092.26,62639.82,383457137.86
1530144000,5871.28,6172.23,5844.26,6141.57,63585.51,385907044.98
1530230400,6203.8,6286.67,5813.02,5870.81,92884.98,554799001.51
1530316800,6385.38,6503.33,6194.51,6203.81,65571.19,419284677.69
1530403200,6339.04,6429.5,6262.72,6385.43,40809.54,259708490.63
1530489600,6615.66,6673.71,5537.86,6342.69,73069.19,465915661.24
1530576000,6509.58,6670.3,6473.48,6616.6,54662.02,356390898.98
1530662400,6590.06,6777.97,6411.13,6508.43,62355.75,412202352.61
1530748800,6534.81,6691.32,6448.23,6589.77,63771.67,421189063.01
1530835200,6602.02,6633.44,6458.14,6534.81,47259.68,310759733.14
1530921600,6758.08,6814.42,6518.23,6602.03,41785.1,277167900.06
1531008000,6707.38,6782.85,6684.15,6758.08,39671.12,268455446.1
1531094400,6668.84,6803.1,6625.58,6707.46,48761.43,328316145.78
1531180800,6306.85,6683.61,6277.23,6668.84,72513.31,470432142.71
1531267200,6394.36,6405.59,6293.68,6306.87,51054.67,327667754.35
1531353600,6253.6,6394.93,6084,6394.36,65555.38,409078182.65
1531440000,6229.83,6349.21,6131.54,6253.66,50964.41,319802271.97
1531526400,6268.75,6332.46,6190.18,6229.61,27713.18,174416786.37
1531612800,6364.26,6401.5,6245.75,6268.32,34225.9,218543291.78
1531699200,6740.55,6761.84,6349.83,6364.26,74798.53,494264915.91
1531785600,7326.7,7476.24,6677.56,6740.54,112707.21,799401451.35
1531872000,7383.39,7590.65,7253.71,7326.76,105818.71,788460811.94
1531958400,7477.5,7563.7,7289.9,7383.39,70179.39,522544440.45
1532044800,7333.93,7676.55,7279.34,7477.1,80874.93,603034414.79
1532131200,7405.4,7453.07,7220.37,7333.93,40295.77,297440355.21
1532217600,7398.64,7569.28,7345.25,7405.4,47479.76,355565264.85
1532304000,7718,7798.59,7376.66,7398.64,96722.04,745533303.01
1532390400,8395.82,8485.71,7692.16,7718,143800.43,1166560702.13
1532476800,8170.23,8481.11,8061.07,8395.81,89988.19,736530740.43
1532563200,7937.25,8302.24,7862.67,8170.37,78993.93,643953970.45
1532649600,8182.89,8278.01,7806.25,7937.1,80336.48,646256012.09
1532736000,8230.87,8238.04,8070.04,8182.88,36136.12,295872316.42
1532822400,8216.78,8291.55,8123.53,8230.82,34073.43,280233415.98
1532908800,8176.06,8273.61,7867.44,8216.7,83918.76,681120739.99
1532995200,7735.3,8176.27,7663.7,8176.08,97152.13,765186307.24
1533081600,7610.9,7760.74,7449.31,7736.25,78466.58,595404848.88
1533168000,7542.34,7713.32,7470.86,7610.9,55711.79,424093581.76
1533254400,7417.6,7542.49,7296.76,7542.34,79126.57,586982505.83
1533340800,7017.89,7490.89,6940.15,7417.6,74300.44,534002935.97
1533427200,7042.39,7092.53,6898.31,7017.89,52556.01,368914046.39
1533513600,6945.78,7160.4,6854.79,7042.57,58545.04,410408444.75
1533600000,6723.21,7150.86,6685.02,6945.77,82683.83,575690006.27
1533686400,6285.02,6723.99,6133.03,6723.29,130417.52,838853615.89
1533772800,6543.24,6631.23,6195.02,6285.06,89588.13,575748446.38
1533859200,6153.41,6582.14,6025.91,6543.25,100856.92,639457019.98
1533945600,6242.54,6488.55,6014.26,6152.95,87651.14,545722619.11
1534032000,6322.92,6483.39,6176.89,6242.53,57916.23,366460108.69
1534118400,6263.2,6545.02,6157.03,6322.41,71073.56,452431672.68
1534204800,6199.6,6266.5,5891.87,6263.2,125196.64,759847789.73
1534291200,6274.22,6620.07,6193.63,6199.63,132926.33,852103141.83
1534377600,6323.81,6478.07,6217.33,6274.22,71357.92,454679037.36
1534464000,6591.16,6594.72,6300.45,6323.81,73383.05,477089455.56
1534550400,6405.71,6622.16,6322.44,6591.18,52093.8,336744293.81
1534636800,6502.18,6560.88,6330.56,6405.74,39452.94,253984821.8
1534723200,6269.9,6537.54,6248.39,6502.24,61983.28,397981291.82
1534809600,6491.11,6506.69,6259.81,6270.09,61753.86,396746063.37
1534896000,6366.13,6890.79,6264.34,6491.09,116096.61,764005011.18
1534982400,6538.95,6575.28,6356.96,6366.14,52740.3,340811486.77
1535068800,6708.96,6736.83,6481.76,6539.13,58037.12,382456858.97
1535155200,6749.56,6808.89,6684.19,6708.94,38189.09,258296664.16
1535241600,6720.6,6793.17,6588.48,6749.71,39682.91,265820591.17
1535328000,6915.73,6944.21,6674.84,6720.6,59984.28,405769271.5
1535414400,7091.38,7136.71,6877.2,6915.92,69448.01,487789642
1535500800,7052,7137.47,6944.76,7091.38,50361.95,356139022.3
1535587200,6998.76,7072.64,6818.69,7051.61,61266.88,425475685.56
1535673600,7026.96,7096.73,6903.08,6998.76,49774.38,349131152.81
1535760000,7203.46,7272.03,7025.58,7026.96,41873.76,300301833.39
1535846400,7301.26,7384.38,7144.71,7203.46,61424.38,447453370.83
1535932800,7270.05,7350.58,7204.89,7301.25,42451.23,309327793.27
1536019200,7369.86,7417.65,7246.76,7270.05,46681.9,343762001.58
1536105600,6705.03,7401.43,6694.06,7369.89,113370.51,797851163.66
1536192000,6515.42,6727.19,6295.11,6705.06,127586.04,823309044.3
1536278400,6411.78,6549.39,6345.48,6515.42,53170.79,344487244.01
1536364800,6200.16,6480.57,6134.76,6413.12,49719.12,317380272.09
1536451200,6249.07,6451.25,6161.83,6200.23,38701,244400344.41
1536537600,6324.43,6371.42,6247.64,6249.07,50695.88,320435279.61
1536624000,6295.54,6415.51,6199.19,6324.43,51401.22,324512939.85
1536710400,6337.11,6357.89,6208.28,6295.54,52814.83,332537236.17
1536796800,6492,6534.89,6337.08,6337.08,65684.53,425090869.76
1536883200,6486.01,6591.59,6393.84,6492.17,58029.07,377989402.01
1536969600,6522.08,6573.19,6473.47,6485.39,31894.67,208349557
1537056000,6502.44,6525.05,6404.31,6522.68,30897.54,200545603.1
1537142400,6261.48,6538.82,6216.83,6502.44,62738.57,399675966.34
1537228800,6346.44,6393.39,6238.25,6261.33,55076.95,348485895.37
1537315200,6398.8,6522.9,6131.02,6346.44,71293.01,452379323.08
1537401600,6505.9,6551.93,6361.33,6398.83,46802.06,301619960.91
1537488000,6762.06,6785.22,6501.01,6505.97,85295.46,569642976.25
1537574400,6716.6,6834.49,6633.01,6762.07,38829.87,261159308.22
1537660800,6702.7,6768.56,6663.9,6716.6,25143.83,169080003.37
1537747200,6583.53,6717.6,6557.82,6702.73,48934.13,324660682.66
1537833600,6437.74,6583.54,6333.21,6583.53,65381.85,420279170.44
1537920000,6462.6,6543.92,6383.16,6437.74,40752.6,264402806.65
1538006400,6686.13,6733.94,6434.76,6462.6,52542,345096700.08
1538092800,6635.38,6806.1,6545.41,6686.13,74353.41,497340510.07
1538179200,6603.75,6635.42,6474.23,6635.4,37296.34,245055396.51
1538265600,6623.71,6741.96,6543.68,6603.75,26335.14,174302164.09
1538352000,6594.98,6662.6,6510.54,6623.82,38926.98,256959931.63
1538438400,6525.47,6618.95,6478.04,6594.98,40624.2,267166277.79
1538524800,6492.26,6537.07,6428.98,6525.46,47186,306385346.59
1538611200,6579.79,6622.32,6486.86,6492.61,42142.96,277614018.45
1538697600,6632.87,6683.55,6546.98,6580,39731.28,262562344.98
1538784000,6589.94,6637.08,6563.25,6632.88,24787.61,162722103.98
1538870400,6601.15,6622.49,6535.02,6589.94,27272.67,179378859.39
1538956800,6650.07,6698.31,6565.01,6601.46,47216.82,313507433.75
1539043200,6631.79,6657,6589.39,6650.07,32204.25,213976678.23
1539129600,6581.07,6633.22,6487.86,6631.79,49264.39,323664963.18
1539216000,6209.47,6581.59,6171.95,6581.07,104258.49,654924117.8
1539302400,6250.85,6296.56,6173.86,6209.47,46195.91,289840137.45
1539388800,6267.27,6280.73,6238.92,6252.1,21914.85,137705035.59
1539475200,6277.73,6346.56,6247.17,6267.27,34130.1,215422888.18
1539561600,6612.36,7234.83,6244.77,6277.73,177320.05,1190524168.21
1539648000,6583.05,6724.91,6545.54,6612.69,49191.34,324232509.78
1539734400,6574.52,6589.2,6511.6,6583.05,33538.55,220418636.64
1539820800,6488.72,6616.27,6445.05,6576.4,50725.31,331761115.45
1539907200,6469.28,6503.09,6449.36,6489.37,36599.64,237855085.41
1539993600,6490.56,6645.2,6395.45,6469.28,19543.75,127185847.78
1540080000,6509.87,6557.39,6474.47,6490.6,16019.49,105283929.06
1540166400,6483.23,6531.23,6460.38,6509.87,31239.03,202766914.4
1540252800,6470.22,6496.2,6438.99,6484.32,34071.62,220913293.6
1540339200,6476.25,6538.35,6465.73,6470.63,34111.66,222068131.83
1540425600,6462.77,6497.9,6432.3,6476.52,35706.92,231214963.95
1540512000,6457.21,6514,6441.81,6462.77,33284.54,215447656.36
1540598400,6470.17,6479,6445.95,6457.21,19092.86,124066466.34
1540684800,6470.74,6483.24,6444.74,6470.17,16806.73,109118160.99
1540771200,6313.91,6483.39,6282.58,6470.74,53760.53,342463526.52
1540857600,6309.11,6340.68,6286.3,6314.38,42701.22,269592154.08
1540944000,6342.61,6391.25,6241.49,6309.11,38823.41,245357244.49
1541030400,6381.3,6402.59,6322.6,6342.81,31397.71,199861220.45
1541116800,6394.66,6420.93,6371.57,6381.3,27987.6,179385606.7
1541203200,6376.32,6398.09,6336.96,6394.65,28808.38,183565304.27
1541289600,6467.05,6498.16,6351.92,6376.55,27317.02,175805188.92
1541376000,6433.74,6475.8,6406.69,6467.05,24142,155758902.3
1541462400,6479.72,6482.81,6412.56,6433.53,37162.36,239808254.25
1541548800,6529.68,6562.79,6476.59,6479.72,55100.44,360052788.55
1541635200,6446.06,6542.42,6438.27,6530.94,42073.45,273205386.68
1541721600,6377.99,6457.97,6352.45,6446.06,37086.04,237893036.71
1541808000,6396.37,6419.92,6376.17,6377.99,14658.42,94313328.59
1541894400,6408.18,6414.18,6326.38,6396.39,20337.03,130156001.58
1541980800,6375.08,6435.41,6350.87,6408.18,28338.62,181575610.86
1542067200,6339.17,6389.43,6315.58,6375.08,35761.27,227689745.72
1542153600,5741.47,6375.7,5469.93,6339.17,178422.8,1045469380.16
1542240000,5647.5,5767.06,5300.75,5740.51,147895.07,820864013.96
1542326400,5586.27,5676.54,5487.87,5647.5,71050.83,397196182.83
1542412800,5568.94,5602.01,5524.7,5586.97,29517.8,164182152.19
1542499200,5615.26,5701.35,5567.95,5567.95,41702.04,233409182.46
1542585600,4809.62,5615.98,4757.01,5615.26,207964.38,1072037780.45
1542672000,4441.81,4953.56,4168.25,4809.62,315023.21,1433400842.16
1542758400,4593.04,4689.55,4315.58,4441.81,152286.19,686284917.84
1542844800,4320.68,4640.72,4297.21,4593.04,83715.43,376852837.57
1542931200,4343.42,4419.48,4157.19,4320.68,121719.16,521825987.75
1543017600,3854.11,4432,3741.2,4343.42,123090.79,503028289.39
1543104000,4004.15,4165.93,3550.04,3854.11,213926.98,819869496.19
1543190400,3784.59,4124.7,3598.81,4004.46,185985.76,715341714.72
1543276800,3822.99,3878.9,3613.11,3784.77,147999.31,555212127.53
1543363200,4263.55,4398.57,3822.94,3822.99,175435.76,726808596.57
1543449600,4286.69,4444.39,4130.68,4263.52,112103.36,479575430.64
1543536000,4009.67,4331.07,3916.3,4286.85,121993.57,497762735.43
1543622400,4197.46,4309.65,3942.62,4009.67,67774.58,280927570.31
1543708800,4143.86,4318.79,4077.67,4197.7,62748.83,262154694.41
1543795200,3871.41,4159.01,3795.18,4143.86,107400.61,423985399.83
1543881600,3948.44,4082.68,3770.92,3871.41,94655.27,373361232.89
1543968000,3737.53,3961.8,3719.19,3948.44,83811.55,320944415.67
1544054400,3485.18,3883.43,3467.92,3737.53,159523.77,590923562.42
1544140800,3420.57,3576.11,3248,3485.18,206088.47,699930576.16
1544227200,3461.07,3602.49,3295.21,3420.57,104091.14,357548590.53
1544313600,3592.84,3718.58,3436.5,3461.07,83347.79,295321498.63
1544400000,3467.16,3645.49,3416.77,3592.84,81855.33,287119758.11
1544486400,3401.02,3483.58,3348.98,3467.16,67519.71,230671778.42
1544572800,3485.59,3545.37,3380.48,3401.02,74415.95,257293632.74
1544659200,3305.11,3493.76,3272.81,3485.59,84592.04,286236674.73
1544745600,3235.48,3333.24,3180.97,3305.11,89133.43,290985461.02
1544832000,3232.51,3271.76,3169.53,3235.48,51317.37,165378769.6
1544918400,3255.37,3319.83,3227.4,3232.51,45102.51,148182655.41
1545004800,3548.19,3639.65,3239.06,3255.37,119831.24,412454521.38
1545091200,3715.85,3727.99,3481.46,3548.19,91609.53,327807644.75
1545177600,3736.54,3969.7,3693.57,3715.85,163016.15,620695447.39
1545264000,4137.66,4225.52,3712.82,3736.54,180025.9,724855205.51
1545350400,3898.81,4247.71,3831.2,4137.66,128508.13,516656937.13
1545436800,4045.24,4060.34,3849.23,3898.81,63672.55,250085915.72
1545523200,4007.63,4117.65,3972.39,4045.24,58294.45,235997621.23
1545609600,4081.95,4303.37,4006.6,4007.63,109869.44,459290147.24
1545696000,3834.73,4094.61,3734.85,4081.95,95683.55,367200910.64
1545782400,3848.78,3923.93,3746.86,3834.73,68965.06,263439573.84
1545868800,3646.09,3888.92,3622.39,3848.78,81652.77,305729129.14
1545955200,3947.86,4007.71,3628.43,3646.09,92882.41,353705007.17
1546041600,3797.06,4004.14,3774.38,3947.86,54702.16,214891355.42
1546128000,3896.21,3925.18,3760.8,3797.06,49797.04,191958416.81
1546214400,3747.39,3904.28,3701.48,3896.21,54221.49,206190463.74
1546300800,3880.15,3938.75,3696.94,3747.39,45104.29,170598307.96
1546387200,3961.01,3989.59,3826.29,3880.15,54034.73,210854603.84
1546473600,3835.86,3965.52,3778.76,3961.01,45585.19,176488072.06
1546560000,3874.06,3901.65,3783.88,3835.86,44398.9,170507611.15
1546646400,3855.39,3926.92,3841.13,3874.06,35766.65,139438510.18
1546732800,4102.85,4145.16,3829.09,3855.39,58878.99,236298043.75
1546819200,4050.4,4132.62,4001.35,4102.85,51541.23,209289368.14
1546905600,4040.75,4156.16,3990.34,4050.4,65973.5,268091045.44
1546992000,4048.34,4092.91,4013,4040.75,55130.13,223639028.92
1547078400,3668.15,4085.09,3631.07,4048.34,108277.01,412522198.13
1547164800,3669.2,3729.69,3616.41,3668.15,63070.18,231465488.1
1547251200,3664.38,3692.12,3611.2,3669.2,28343.28,103912541.38
1547337600,3551.24,3675.2,3528.24,3664.38,45682.73,164125048.97
1547424000,3703.9,3748.88,3544.53,3551.24,56099.99,204793029.92
1547510400,3621.24,3724.3,3590.49,3703.9,54154.65,198582447.53
1547596800,3643.99,3704.37,3611.38,3621.24,53843.55,196211595.54
1547683200,3685.3,3695.28,3586.92,3643.99,46181.32,168287506.1
1547769600,3648.05,3685.39,3620.44,3685.3,32418.99,118317804.97
1547856000,3729.78,3799.62,3643.01,3648.05,38341.35,143238228.4
1547942400,3567.73,3754.65,3529.25,3729.78,49198.37,177628515.93
1548028800,3571.92,3599.83,3535.19,3567.73,36101.4,129000924.6
1548115200,3602.04,3635.69,3473.77,3571.92,53586.91,191355241.84
1548201600,3572.05,3631.15,3543.96,3602.04,37910.4,135864247.56
1548288000,3598.52,3616.33,3546.5,3572.05,31630.57,113155246.95
1548374400,3582.89,3607.43,3539.41,3598.52,32679.69,116674680.78
1548460800,3596.5,3676.4,3578.62,3582.89,29201.1,105927045.55
1548547200,3565.08,3605.99,3511.29,3596.5,26261.48,93766117.67
1548633600,3453.42,3567.56,3402.56,3565.08,59700.11,206309738.62
1548720000,3418.25,3463.2,3369.19,3453.42,46304.1,158106687
1548806400,3467.21,3488.91,3395.94,3418.25,42399.63,146422486.1
1548892800,3434.13,3499.78,3422.83,3467.21,37365.7,128773893.15
1548979200,3461.63,3478.55,3398.96,3434.13,41976.43,144476056.44
1549065600,3508.68,3519.14,3441.21,3461.63,27103.48,94144187.11
1549152000,3449.62,3514.43,3424.42,3508.68,23044.88,79591219.11
1549238400,3431.24,3470.8,3429.21,3449.62,23959.61,82280894.52
1549324800,3447.66,3447.88,3415.67,3431.24,24459.49,84042727.18
1549411200,3394.89,3459.33,3362.24,3447.66,44281.79,150408587.85
1549497600,3375.33,3406.54,3369.1,3394.89,28811.35,97390901.92
1549584000,3660.03,3735.1,3363.32,3375.33,89444.22,317023029.42
1549670400,3652.26,3673.71,3616.11,3660.03,25880.75,94200588.34
1549756800,3685.14,3689.32,3611.46,3652.26,30046.26,109365095.98
1549843200,3611.34,3688.59,3608.18,3685.14,40461.58,146354074.39
1549929600,3617.41,3648.67,3574.22,3611.34,45717.05,164816438.53
1550016000,3605.87,3655.89,3590.01,3617.41,40664.15,146822348.57
1550102400,3588.72,3619.7,3567.39,3605.87,32779.35,117804856.32
1550188800,3593.49,3640.65,3575.95,3588.72,36251.38,130398989.33
1550275200,3617.24,3639.75,3592.04,3593.49,24003.59,86973822.79
1550361600,3670.92,3706.17,3608.18,3617.24,36849.32,134218331.16
1550448000,3912.57,3952.44,3661.42,3670.92,98728.99,376203280.43
1550534400,3924.24,4010.91,3882.52,3912.57,74127.62,292137057.43
1550620800,3974.05,3992.31,3898.91,3924.24,53048.95,209282292.49
1550707200,3937.04,4026.54,3900.28,3974.05,47433.87,187314178.85
1550793600,3983.53,3996.15,3917.66,3937.04,43006.55,170405341.81
1550880000,4149.09,4192.39,3948.48,3983.53,57002.5,231174632.28
1550966400,3771.62,4221.62,3755.38,4149.09,80391.72,319071544.94
1551052800,3845.51,3885.06,3771.53,3771.62,48406.42,185036583.31
1551139200,3817.88,3852.66,3791.9,3845.51,33253.08,126868886.89
1551225600,3830.72,3851.84,3699.53,3817.88,46011.1,175069054.72
1551312000,3823.37,3909.86,3798,3830.72,44353.45,170646670.66
1551398400,3831.48,3866.12,3822.67,3823.37,26522.34,101774924.71
1551484800,3842.94,3846.38,3790.74,3831.48,19283.71,73894412.97
1551571200,3812.31,3853.28,3788.04,3842.94,16769.86,64065044.79
1551657600,3731.28,3831.01,3705.14,3812.31,39278.22,147245676.28
1551744000,3874.18,3893.52,3720.49,3731.28,43262.3,165062256.27
1551830400,3874.98,3916.29,3839.39,3874.18,33536.95,129520549.49
1551916800,3882.61,3911.76,3853.2,3874.98,37619.38,146201726.67
1552003200,3868.02,3932.02,3804.98,3882.61,39428.25,153405087.61
1552089600,3947.74,3975.25,3860.66,3868.02,27600.01,108370246.04
1552176000,3929.84,3948.21,3897.82,3947.74,17404.16,68252920.53
1552262400,3874.89,3941.99,3849.45,3929.84,32708.55,126998648.6
1552348800,3888.57,3904.7,3827.23,3874.89,33655.37,130291591.54
1552435200,3878.44,3898.25,3853.06,3888.57,27922.69,108286926.77
1552521600,3881.44,3922.21,3825.03,3878.44,34554.38,133931876.12
1552608000,3927.08,3935.1,3876.17,3881.44,32133.02,125588541.02
1552694400,4027.01,4069.11,3924.98,3927.08,41319.81,166216280.52
1552780800,3998,4030.38,3970.97,4027.01,17033.6,68146133.16
1552867200,3988.85,4038.99,3964.31,3998,27416.92,109428478.54
1552953600,4024.14,4032.04,3972.47,3988.85,29686.2,118919147.36
1553040000,4056.75,4064.95,3995.49,4024.14,36862.09,148490744.9
1553126400,3996.93,4082.29,3953.53,4056.75,44251.52,178077036.22
1553212800,4000.84,4018.21,3984,3996.93,22671.75,90726555.79
1553299200,4007.21,4019.36,3982.47,4000.84,18486.22,74094017.72
1553385600,3994.11,4010.3,3970.35,4007.21,16111.98,64375076.75
1553472000,3924.55,4005.29,3887.68,3994.11,34191.84,136398998.18
1553558400,3942.22,3943.2,3902.52,3924.55,23873.14,93805733.55
1553644800,4045.98,4054.32,3932.79,3942.22,37132.4,149005782.26
1553731200,4036.45,4046.44,4014.69,4045.98,25343.13,102296341.19
1553817600,4111.38,4122.89,4031.22,4036.45,41843.31,170915132.77
1553904000,4118.13,4146.88,4066.87,4111.38,24906.26,102400533.82
1553990400,4112.69,4129.43,4098.79,4118.13,13792.73,56727425.19
1554076800,4151.32,4164.33,4082.2,4112.69,36921.55,152826759.02
1554163200,4906.93,5104.42,4147.7,4151.32,172473.31,814748125.73
1554249600,4976.59,5335.7,4831.59,4906.93,159843.43,809158339.99
1554336000,4913.36,5071.98,4799.77,4976.59,74544.88,370109007.61
1554422400,5047.23,5074.13,4897.61,4913.36,56130.82,280722247.3
1554508800,5057.25,5240.19,4938,5047.23,54180.91,275839573.8
1554595200,5201.16,5266.04,5044.28,5057.25,47200.43,243329883.48
1554681600,5294.09,5347.88,5141.23,5201.16,69803.56,366577921.18
1554768000,5201.3,5294.09,5159.13,5294.09,48552.25,253577595.39
1554854400,5318.6,5460.94,5178.61,5201.3,65813.81,349643837.46
1554940800,5048.56,5343.66,4987.65,5318.6,69622.86,356811374.12
1555027200,5081.5,5118.61,4927.62,5048.56,43762.94,220667543.59
1555113600,5080.66,5128.96,5056.19,5081.5,23342.24,118956124.9
1555200000,5165.59,5186.82,5031.2,5080.66,21193.03,108148233.81
1555286400,5037.27,5195.31,4969.31,5165.59,40402.46,205867031.18
1555372800,5212.81,5232.03,5029.16,5037.27,40370,207311534.31
1555459200,5236.26,5270.76,5190.81,5212.81,37225.68,194699629.15
1555545600,5289.75,5317.78,5232.99,5236.26,35511.12,187312150.44
1555632000,5295.53,5353.01,5212.18,5289.75,30109.97,158699049.55
1555718400,5326.18,5366.6,5274.45,5295.53,23214.49,123577001.56
1555804800,5305.74,5348.59,5232.77,5326.18,25466.81,134681237.4
1555891200,5394.67,5444.76,5265.73,5305.74,45346.65,242498187.66
1555977600,5539.1,5626.83,5371.31,5394.67,66448.85,368556751.66
1556064000,5454.58,5633,5390.98,5539.1,61651.16,339093001.24
1556150400,5162.67,5521.61,5031.69,5454.58,70755.72,374798664.87
1556236800,5234.09,5361.94,5104.18,5162.67,70191.21,366773360.18
1556323200,5229.48,5282.97,5192.45,5234.09,21692.98,113430273.96
1556409600,5272.45,5313.7,5218.42,5233.47,25294.87,133564683.52
1556496000,5237.96,5299.51,5162.81,5272.45,31947.44,167206787.27
1556582400,5350.64,5372.23,5224.64,5237.96,32567.46,172540196.26
1556668800,5389.54,5417.17,5346.7,5350.64,27410.57,147345369.73
1556755200,5500.72,5531.15,5387.29,5389.54,35089.37,192256639.91
1556841600,5753.38,5891.9,5484.78,5500.72,75434.86,432335283.61
1556928000,5840.08,5901.36,5596.15,5753.38,45628.34,263390273.68
1557014400,5794.14,5849.5,5709.74,5840.08,25481.48,147662500.76
1557100800,5748.17,5823.67,5644.15,5794.14,34979.71,200316185.51
1557187200,5819.57,6031.54,5748.17,5748.17,59556.89,353043890.95
1557273600,5998.71,6032.25,5753.08,5819.57,40967.62,241917027.36
1557360000,6171.96,6194.91,5988.65,5998.71,51005.27,310336580.16
1557446400,6358.29,6444.57,6133.21,6171.96,68160.13,430403405.14
1557532800,7191.36,7394.94,6357.02,6358.29,135248.42,933141315.95
1557619200,6977.63,7541.61,6793.21,7191.36,142892.25,1023203366.46
1557705600,7806.36,8127.75,6873.42,6977.63,149082.57,1140302646.6
1557792000,7980.13,8297.02,7631.34,7806.36,122383.06,976094121.29
1557878400,8183.83,8263.29,7849.92,7980.13,86162.62,694202804.31
1557964800,7874.11,8352.25,7679.05,8183.83,95341.68,762104107.69
1558051200,7371.96,7930.98,6668.67,7874.11,141482.93,1023961962.83
1558137600,7266.08,7491.67,7213.72,7371.96,41327.89,303317486.98
1558224000,8193.14,8281.66,7257.26,7266.08,91218.12,723011166.2
1558310400,7998.29,8193.14,7591.85,8193.14,80672.83,637617163.27
1558396800,7947.93,8102.32,7807.77,7998.29,45005.01,357803946.85
1558483200,7626.89,8033.76,7533.66,7947.93,54216.74,424501866.33
1558569600,7876.5,7971.26,7478.74,7626.89,50121.07,386766321.19
1558656000,7996.4,8165.45,7801.57,7876.5,51604.15,413162746.86
1558742400,8059.13,8140.82,7948.68,7996.4,22294.65,179206342.03
1558828800,8726.23,8779,7894.53,8059.13,57648.95,483663699.62
1558915200,8785.17,8931.53,8668.46,8726.23,57692.17,507164714.76
1559001600,8718.85,8818.71,8562.2,8785.17,41445.13,360752199.95
1559088000,8664.56,8760.48,8444.1,8718.85,44056.71,380343928.72
1559174400,8276.25,9065.89,8027.21,8664.56,95189.06,815525590.67
1559260800,8550.67,8570.78,8116,8276.25,60143.23,502056527.56
1559347200,8555.87,8619.21,8459.65,8550.67,26884.15,229736992.43
1559433600,8737.91,8819.9,8547.48,8555.87,25506.14,221708083.06
1559520000,8114.49,8740.24,8073.18,8737.91,63486.15,534972187.72
1559606400,7677.47,8114.49,7463.94,8114.49,103552.9,809220381.24
1559692800,7801.73,7862.16,7677.47,7677.47,10033.86,78169917.82
